{"cameraMode":{"drawMode":0,"name":"Shaded","section":"Shading Mode"},"sceneLighting":true,"audioPlay":false,"sceneViewState":{"showFog":true,"showMaterialUpdate":true,"showSkybox":true,"showFlares":true,"showImageEffects":true,"showParticleSystems":true},"in2DMode":false,"pivot":{"x":-0.7488086223602295,"y":4.761275768280029,"z":-7.603352069854736},"rotation":{"x":0.2677951455116272,"y":-0.051417846232652667,"z":0.014313320629298687,"w":0.9619983434677124},"size":0.7298032641410828,"orthographic":false}