{"cameraMode":{"drawMode":0,"name":"Shaded","section":"Shading Mode"},"sceneLighting":true,"audioPlay":false,"sceneViewState":{"showFog":true,"showMaterialUpdate":true,"showSkybox":true,"showFlares":true,"showImageEffects":true,"showParticleSystems":true},"in2DMode":false,"pivot":{"x":-0.015157613903284073,"y":2.8340096473693849,"z":-8.593318939208985},"rotation":{"x":0.24497567117214204,"y":-0.006687937770038843,"z":0.0016898493049666286,"w":0.9695067405700684},"size":6.729804515838623,"orthographic":false}